{
  "autoExposureEnabled": false,
  "autoExposureKey": 1.6790000200271606,
  "cameraFarPlane": 100.0,
  "cameraLookSensitivity": 0.0035000001080334187,
  "cameraMoveSpeed": 5.434000015258789,
  "cameraPitchRadians": -0.12433244287967682,
  "cameraPosition": [2.391505718231201, 8.74266529083252, 28.104976654052734],
  "cameraYawRadians": -6.316416263580322,
  "dielectricSpecularScale": 1.7109999656677246,
  "directionalShadowExtent": 1.0,
  "directionalShadowFarPlane": 1.0,
  "directionalShadowNearPlane": 0.009999999776482582,
  "environmentBackgroundWeight": 1.2309999465942383,
  "environmentDiffuseWeight": 0.7440000176429749,
  "environmentIntensity": 1.2000000476837158,
  "environmentRotationRadians": 2.059488534927368,
  "environmentSpecularWeight": 2.697000026702881,
  "exposure": 0.6830000281333923,
  "gamma": 1.1699999570846558,
  "iblBakeSettings": {
    "brdfResolution": 256,
    "brdfSamples": 128,
    "environmentHdrPath": "assets/textures/dikhololo_night_4k.hdr",
    "environmentResolution": 1024,
    "irradianceResolution": 32,
    "irradianceSamples": 1024,
    "prefilteredResolution": 256,
    "prefilteredSamples": 64,
    "sky": {
      "groundColor": [
        0.10000000149011612, 0.09000000357627869, 0.07999999821186066
      ],
      "groundFalloff": 1.600000023841858,
      "horizonColor": [
        0.8500000238418579, 0.7200000286102295, 0.5799999833106995
      ],
      "horizonGlow": 0.2800000011920929,
      "skyExponent": 0.44999998807907104,
      "sunAngularRadius": 0.04500000178813934,
      "sunAzimuthRadians": 0.4266274869441986,
      "sunColor": [1.0, 0.949999988079071, 0.8199999928474426],
      "sunElevationRadians": 1.0273293256759644,
      "sunGlow": 2.5,
      "sunIntensity": 24.0,
      "zenithColor": [
        0.1599999964237213, 0.3199999928474426, 0.7200000286102295
      ]
    }
  },
  "iblEnabled": true,
  "lightMarkerScale": 1.8070000410079956,
  "lightMarkersVisible": true,
  "modelPosition": [0.0, 0.0, 0.0],
  "modelRotationDegrees": [0.0, 0.0, 0.0],
  "modelScale": [1.0, 1.0, 1.0],
  "pbrDebugView": 0,
  "presentedOutput": 7,
  "sceneLights": [
    {
      "castsShadow": false,
      "color": [1.0, 1.0, 1.0],
      "direction": [0.0, -1.0, 0.0],
      "enabled": true,
      "exposure": 6.007999897003174,
      "innerConeAngleRadians": 0.3141592741012573,
      "name": "Point Light",
      "outerConeAngleRadians": 0.48869219422340393,
      "position": [0.0, 9.399999618530273, 0.0],
      "power": 33.70000076293945,
      "radius": 2.759999990463257,
      "range": 25.0,
      "shadowBias": 0.001500000013038516,
      "shadowNormalBias": 0.019999999552965164,
      "type": 1
    },
    {
      "castsShadow": true,
      "color": [1.0, 1.0, 1.0],
      "direction": [
        0.010890656150877476, 0.9999365210533142, -0.0028972425498068333
      ],
      "enabled": true,
      "exposure": 6.215000152587891,
      "innerConeAngleRadians": 0.991870641708374,
      "name": "Spot Light",
      "outerConeAngleRadians": 1.2701982259750366,
      "position": [0.0, 7.949999809265137, 0.0],
      "power": 47.5,
      "radius": 0.25,
      "range": 17.356000900268555,
      "shadowBias": 9.999999747378752e-5,
      "shadowNormalBias": 0.0,
      "type": 2
    },
    {
      "castsShadow": true,
      "color": [1.0, 1.0, 1.0],
      "direction": [
        0.03336448222398758, -0.9994391798973083, -0.002879789564758539
      ],
      "enabled": true,
      "exposure": 10.815999984741211,
      "innerConeAngleRadians": 1.0498853921890259,
      "name": "Spot Light",
      "outerConeAngleRadians": 1.4402631521224976,
      "position": [0.0, 9.949999809265137, 0.0],
      "power": 3.4000000953674316,
      "radius": 0.25,
      "range": 25.0,
      "shadowBias": 9.999999747378752e-5,
      "shadowNormalBias": 0.0,
      "type": 2
    }
  ],
  "selectedLightIndex": 1,
  "selectedMaterialIndex": 5,
  "shadowsEnabled": true,
  "skyboxVisible": true,
  "syncSkySunToLight": true,
  "tonemapOperator": 2,
  "whitePoint": 16.0
}
