{
  "autoExposureEnabled": false,
  "autoExposureKey": 0.6850000023841858,
  "boneMarkerScale": 0.04899999871850014,
  "bonesVisible": false,
  "cameraFarPlane": 100.0,
  "cameraLookSensitivity": 0.0035000001080334187,
  "cameraMoveSpeed": 2.5,
  "cameraPitchRadians": -0.004785355180501938,
  "cameraPosition": [
    3.163586139678955,
    0.5134967565536499,
    3.6068482398986816
  ],
  "cameraYawRadians": -0.6907970309257507,
  "dielectricSpecularScale": 1.3170000314712524,
  "directionalShadowExtent": 12.0,
  "directionalShadowFarPlane": 24.0,
  "directionalShadowNearPlane": 0.10000000149011612,
  "environmentBackgroundWeight": 1.0390000343322754,
  "environmentDiffuseWeight": 0.12800000607967377,
  "environmentIntensity": 1.7369999885559082,
  "environmentRotationRadians": -1.7976891994476318,
  "environmentSpecularWeight": 2.9110000133514404,
  "exposure": 3.4539999961853027,
  "gamma": 1.3040000200271606,
  "iblBakeSettings": {
    "brdfResolution": 256,
    "brdfSamples": 128,
    "environmentHdrPath": "assets/textures/nature_sky.hdr",
    "environmentResolution": 1024,
    "irradianceResolution": 32,
    "irradianceSamples": 1024,
    "prefilteredResolution": 256,
    "prefilteredSamples": 64,
    "sky": {
      "groundColor": [
        0.10000000149011612,
        0.09000000357627869,
        0.07999999821186066
      ],
      "groundFalloff": 1.600000023841858,
      "horizonColor": [
        0.8500000238418579,
        0.7200000286102295,
        0.5799999833106995
      ],
      "horizonGlow": 0.2800000011920929,
      "skyExponent": 0.44999998807907104,
      "sunAngularRadius": 0.04500000178813934,
      "sunAzimuthRadians": 0.4266274869441986,
      "sunColor": [
        1.0,
        0.949999988079071,
        0.8199999928474426
      ],
      "sunElevationRadians": 1.0273293256759644,
      "sunGlow": 2.5,
      "sunIntensity": 24.0,
      "zenithColor": [
        0.1599999964237213,
        0.3199999928474426,
        0.7200000286102295
      ]
    }
  },
  "iblEnabled": true,
  "lightMarkerScale": 0.3499999940395355,
  "lightMarkersVisible": true,
  "modelPosition": [
    0.0,
    0.0,
    0.0
  ],
  "modelRotationDegrees": [
    0.0,
    20.0,
    0.0
  ],
  "modelScale": [
    1.0,
    1.0,
    1.0
  ],
  "pbrDebugView": 0,
  "presentedOutput": 7,
  "sceneLights": [
    {
      "castsShadow": true,
      "color": [
        1.0,
        0.0,
        0.0
      ],
      "direction": [
        0.9852112531661987,
        -0.113400399684906,
        -0.1284494251012802
      ],
      "enabled": true,
      "exposure": 10.614999771118164,
      "innerConeAngleRadians": 0.3321186900138855,
      "name": "Spot Light",
      "outerConeAngleRadians": 0.9757612347602844,
      "position": [
        -1.600000023841858,
        1.2000000476837158,
        0.10000000149011612
      ],
      "power": 48.400001525878906,
      "radius": 0.25,
      "range": 12.510000228881836,
      "shadowBias": 9.999999747378752e-05,
      "shadowNormalBias": 0.05510000139474869,
      "type": 2
    }
  ],
  "sceneObjects": [
    {
      "name": "Robot",
      "position": [
        0.0,
        0.0,
        0.0
      ],
      "rotationDegrees": [
        0.0,
        20.0,
        0.0
      ],
      "scale": [
        1.0,
        1.0,
        1.0
      ],
      "visible": true
    }
  ],
  "selectedAnimationIndex": 6,
  "selectedAnimationObjectIndex": 0,
  "selectedBoneIndex": -1,
  "selectedLightIndex": -1,
  "selectedMaterialIndex": 0,
  "selectedObjectIndex": 0,
  "shadowsEnabled": true,
  "showBoneWeights": false,
  "skyboxVisible": true,
  "syncSkySunToLight": true,
  "tonemapOperator": 2,
  "whitePoint": 14.055999755859375
}