{
  "autoExposureEnabled": false,
  "autoExposureKey": 2.5,
  "boneMarkerScale": 0.07999999821186066,
  "bonesVisible": false,
  "cameraFarPlane": 160.0,
  "cameraLookSensitivity": 0.0035000001080334187,
  "cameraMoveSpeed": 2.5,
  "cameraPitchRadians": -0.5461370944976807,
  "cameraPosition": [
    6.4672017097473145,
    3.5402770042419434,
    -13.223227500915527
  ],
  "cameraYawRadians": 3.1968438625335693,
  "dielectricSpecularScale": 1.2929999828338623,
  "directionalShadowExtent": 13.329999923706055,
  "directionalShadowFarPlane": 24.0,
  "directionalShadowNearPlane": 0.10000000149011612,
  "environmentBackgroundWeight": 0.5910000205039978,
  "environmentDiffuseWeight": 0.7519999742507935,
  "environmentIntensity": 0.26100000739097595,
  "environmentRotationRadians": 0.33161255717277527,
  "environmentSpecularWeight": 2.734999895095825,
  "exposure": 4.0,
  "gamma": 1.312999963760376,
  "iblBakeSettings": {
    "brdfResolution": 256,
    "brdfSamples": 128,
    "environmentHdrPath": "assets/textures/autumn_field_puresky_4k.hdr",
    "environmentResolution": 1024,
    "irradianceResolution": 32,
    "irradianceSamples": 1024,
    "prefilteredResolution": 256,
    "prefilteredSamples": 64,
    "sky": {
      "groundColor": [
        0.10000000149011612,
        0.09000000357627869,
        0.07999999821186066
      ],
      "groundFalloff": 1.600000023841858,
      "horizonColor": [
        0.8500000238418579,
        0.7200000286102295,
        0.5799999833106995
      ],
      "horizonGlow": 0.2800000011920929,
      "skyExponent": 0.44999998807907104,
      "sunAngularRadius": 0.04500000178813934,
      "sunAzimuthRadians": 0.4266274869441986,
      "sunColor": [
        1.0,
        0.949999988079071,
        0.8199999928474426
      ],
      "sunElevationRadians": 1.0273293256759644,
      "sunGlow": 2.5,
      "sunIntensity": 24.0,
      "zenithColor": [
        0.1599999964237213,
        0.3199999928474426,
        0.7200000286102295
      ]
    }
  },
  "iblEnabled": true,
  "lightMarkerScale": 0.3499999940395355,
  "lightMarkersVisible": true,
  "modelPosition": [
    0.0,
    0.0,
    0.0
  ],
  "modelRotationDegrees": [
    0.0,
    0.0,
    0.0
  ],
  "modelScale": [
    1.0,
    1.0,
    1.0
  ],
  "pbrDebugView": 0,
  "presentedOutput": 7,
  "sceneAssets": [
    {
      "assetPath": "",
      "kind": 1,
      "name": "Terrain",
      "position": [
        0.0,
        0.0,
        0.0
      ],
      "rotationDegrees": [
        0.0,
        0.0,
        0.0
      ],
      "scale": [
        1.0,
        1.0,
        1.0
      ],
      "terrainBrushColor": [
        0.3799999952316284,
        0.6200000047683716,
        0.23999999463558197,
        1.0
      ],
      "terrainBrushColorPaintMode": false,
      "terrainBrushFlattenMode": false,
      "terrainBrushLowerMode": false,
      "terrainBrushOpacity": 1.0,
      "terrainBrushRadius": 1.5,
      "terrainBrushTexturePaintMode": false,
      "terrainBrushTexturePath": "assets/textures/viking_room.png",
      "terrainBrushTextureVariation": 0.0,
      "terrainConfig": {
        "heightOffsets": [],
        "heightScale": 0.0,
        "noiseFrequency": 0.20000000298023224,
        "noiseLacunarity": 2.0,
        "noiseOctaves": 4,
        "noisePersistence": 0.5,
        "noiseSeed": 7,
        "sizeX": 18.0,
        "sizeZ": 18.0,
        "uvScale": [
          6.0,
          6.0
        ],
        "vertexColors": [],
        "xSegments": 32,
        "zSegments": 32
      },
      "terrainEditMode": false,
      "terrainMaterialOverrides": [
        {
          "baseColorFactor": [
            1.0,
            1.0,
            1.0,
            1.0
          ],
          "emissiveFactor": [
            0.0,
            0.0,
            0.0
          ],
          "metallicFactor": 0.0,
          "name": "Terrain Material",
          "occlusionStrength": 1.0,
          "roughnessFactor": 1.0
        }
      ],
      "terrainPaintCanvasPath": "assets/debug/terrain_paint_0.rgba",
      "terrainPaintCanvasResolution": 1024,
      "terrainWireframeVisible": true,
      "visible": true
    }
  ],
  "sceneLights": [],
  "sceneObjects": [
    {
      "name": "Terrain",
      "position": [
        0.0,
        0.0,
        0.0
      ],
      "rotationDegrees": [
        0.0,
        0.0,
        0.0
      ],
      "scale": [
        1.0,
        1.0,
        1.0
      ],
      "visible": true
    }
  ],
  "selectedAnimationIndex": -1,
  "selectedAnimationObjectIndex": -1,
  "selectedBoneIndex": -1,
  "selectedLightIndex": -1,
  "selectedMaterialIndex": 0,
  "selectedObjectIndex": 0,
  "shadowsEnabled": true,
  "showBoneWeights": false,
  "skyboxVisible": true,
  "syncSkySunToLight": true,
  "tonemapOperator": 2,
  "whitePoint": 4.000999927520752
}